<?xml version="1.0" encoding="UTF-8" standalone="yes"?>
<addon id="plugin.video.cartoon_network"
       name="Cartoon Network"
       version="1.0.0"
       provider-name="jsergio">
  <requires>
    <import addon="xbmc.python" version="2.25.0"/>
    <import addon="script.module.t1mlib" version="1.0.18"/>
    <import addon="script.module.metahandler" version="2.9.0"/>
  </requires>
  <extension point="xbmc.python.pluginsource"
            library="default.py">
        <provides>video</provides>
  </extension>
  <extension point="xbmc.addon.metadata">
    <summary lang="en_GB">Cartoon Network</summary>
    <description lang="en_GB">Watch free episodes from cartoonnetwork.com[CR][CR][B]Follow me @ twitter.com/jsergio123[/B]</description>
    <disclaimer lang="en_GB">Feel free to use this script.</disclaimer>
    <platform>all</platform>
    <license>GNU GENERAL PUBLIC LICENSE. Version 2, June 1991</license>
    <website>www.cartoonnetwork.com</website>
    <source>https://github.com/jsergio123/plugin.video.cartoon_network</source>
  </extension>
</addon>
