<?xml version="1.0" encoding="UTF-8" standalone="yes"?>
<addon id="plugin.video.adultswim"
       name="Adult Swim"
       version="1.0.5"
       provider-name="jsergio">
  <requires>
    <import addon="xbmc.python" version="2.20.0"/>
    <import addon="script.module.t1mlib" version="1.0.18"/>
    <import addon="script.module.metahandler" version="2.9.1"/>
  </requires>
  <extension point="xbmc.python.pluginsource"
            library="default.py">
        <provides>video</provides>
  </extension>
  <extension point="xbmc.addon.metadata">
    <summary lang="en">Adult Swim</summary>
    <description lang="en">Watch free episodes from adultswim.com</description>
    <disclaimer lang="en">Feel free to use this script. For information visit the wiki.</disclaimer>
    <platform>all</platform>
    <language>en</language>
    <license>GNU GENERAL PUBLIC LICENSE. Version 2, June 1991</license>
    <forum>http://forum.kodi.tv/showthread.php?tid=224741</forum>
    <website>www.adultswim.com</website>
    <email></email>
    <source>https://github.com/learningit/Kodi-plugins-source</source>
  </extension>
</addon>
