<?xml version="1.0" encoding="UTF-8" standalone="yes"?>
<addon id="plugin.video.adultswim"
       name="Adult Swim"
       version="1.0.7"
       provider-name="jsergio">
  <requires>
    <import addon="xbmc.python" version="2.20.0"/>
    <import addon="script.module.t1mlib" version="1.0.18"/>
  </requires>
  <extension point="xbmc.python.pluginsource"
            library="default.py">
        <provides>video</provides>
  </extension>
  <extension point="xbmc.addon.metadata">
    <summary lang="en_GB">Adult Swim</summary>
    <description lang="en_GB">Watch free episodes from adultswim.com</description>
    <disclaimer lang="en_GB">Feel free to use this script.</disclaimer>
    <platform>all</platform>
    <license>GNU GENERAL PUBLIC LICENSE. Version 2, June 1991</license>
    <website>www.adultswim.com</website>
    <source>https://github.com/jsergio123/plugin.video.adultswim</source>
  </extension>
</addon>
